,id,focus,file,number,target,category
0,1,美容求人,サジェスト,100,美容求人,12
1,2,美容求人,サジェスト,101,美容求人,12
2,3,美容求人,サジェスト,102,美容求人サイト,1
3,4,美容求人,サジェスト,103,美容求人サイト おすすめ,1
4,5,美容求人,サジェスト,104,美容求人ガイド,15
5,6,美容求人,サジェスト,105,美容求人 未経験,12
6,7,美容求人,サジェスト,106,美容求人名古屋,1
7,8,美容求人,サジェスト,200,美容求人サイト,1
8,9,美容求人,サジェスト,201,美容求人サイト おすすめ,1
9,10,美容求人,サジェスト,300,美容求人サイト おすすめ,1
10,11,美容求人,サジェスト,400,美容求人ガイド,15
11,12,美容求人,サジェスト,500,美容求人 未経験,12
12,13,美容求人,サジェスト,600,美容求人名古屋,1
13,14,美容求人,サジェスト,700,美容求人 未経験,12
14,15,美容求人,サジェスト,800,美容求人 札幌,2
15,16,美容求人,サジェスト,900,美容求人 東京,29
16,17,美容求人,サジェスト,1000,美容求人 大阪,20
17,18,美容求人,サジェスト,1100,沖縄 美容求人,12
18,19,美容求人,サジェスト,1200,看護師 美容求人,34
19,20,美容求人,サジェスト,1300,福岡 美容求人,12
20,21,美容求人,サジェスト,1400,仙台 美容求人,39
21,22,美容求人,サジェスト,1500,盛岡 美容求人,12
22,23,美容求人,サジェスト,1600,大分 美容求人,9
23,24,美容求人,サジェスト,1700,美容求人 大阪,20
24,25,美容求人,サジェスト,1800,沖縄 美容求人,12
25,26,美容求人,サジェスト,1900,大分 美容求人,9
26,27,美容求人,サジェスト,2000,奥州市 美容求人,12
27,28,美容求人,サジェスト,2100,岡山 美容求人,12
28,29,美容求人,サジェスト,2200,看護師 美容求人,34
29,30,美容求人,サジェスト,2300,京都 美容求人,12
30,31,美容求人,サジェスト,2400,北九州 美容求人,12
31,32,美容求人,サジェスト,2500,美容求人 札幌,2
32,33,美容求人,サジェスト,2600,仙台 美容求人,39
33,34,美容求人,サジェスト,2700,高崎 美容求人,12
34,35,美容求人,サジェスト,2800,美容求人 東京,29
35,36,美容求人,サジェスト,2900,福岡 美容求人,12
36,37,美容求人,サジェスト,3000,美容求人 未経験,12
37,38,美容求人,サジェスト,3100,盛岡 美容求人,12
38,39,美容求人,サジェスト,3200,福岡 美容求人,12
39,40,美容求人,サジェスト,3300,看護師 美容求人,34
40,41,美容求人,サジェスト,3400,京都 美容求人,12
41,42,美容求人,サジェスト,3500,北九州 美容求人,12
42,43,美容求人,サジェスト,3600,美容求人 未経験,12
43,44,美容求人,サジェスト,3700,盛岡 美容求人,12
44,45,美容求人,サジェスト,3800,美容求人 大阪,20
45,46,美容求人,サジェスト,3900,沖縄 美容求人,12
46,47,美容求人,サジェスト,4000,大分 美容求人,9
47,48,美容求人,サジェスト,4100,奥州市 美容求人,12
48,49,美容求人,サジェスト,4200,岡山 美容求人,12
49,50,美容求人,サジェスト,4300,美容求人 札幌,2
50,51,美容求人,サジェスト,4400,仙台 美容求人,39
51,52,美容求人,サジェスト,4500,美容求人 東京,29
52,53,美容求人,サジェスト,4600,高崎 美容求人,12
53,54,美容求人,質問,1,美容系の仕事に向いている人はどんな人ですか？,1
54,55,美容求人,質問,2,美容系の仕事に就くには？,1
55,56,美容求人,質問,3,美容の仕事に向いている人はどんな人ですか？,1
56,57,美容求人,質問,4,美容の職業の給料はいくらですか？,1
57,58,美容求人,質問,5,美容師は人気職業ですか？,1
58,59,美容求人,質問,6,美容を活かせる仕事は何ですか？,1
59,60,美容求人,質問,7,美容系の月給はいくらですか？,1
60,61,美容求人,質問,8,美容店員の年収はいくらですか？,1
61,62,美容求人,質問,9,美容系の給料はいくらですか？,1
62,63,美容求人,質問,10,肌を綺麗にする仕事は何ですか？,1
63,64,美容求人,質問,11,美容室の40代の平均年収は？,1
64,65,美容求人,質問,12,美容部員は何歳まで働けますか？,1
65,66,美容求人,質問,13,40代の美容部員の年収はいくらですか？,1
66,67,美容求人,質問,14,女性美容師何歳まで働ける？,1
67,68,美容求人,質問,15,美容機器業界で1位はどこですか？,1
68,69,美容求人,質問,16,美容業界の年商1位は？,1
69,70,美容求人,質問,17,美容業界は何歳まで働けますか？,1
70,71,美容求人,質問,18,美容集客サイトランキングは？,1
71,72,美容求人,質問,19,美容脱毛の看護師の年収は？,1
72,73,美容求人,質問,20,美容クリニックで働く看護師の給料は？,1
73,74,美容求人,質問,21,美容ナースの給料はいくらですか？,1
74,75,美容求人,質問,22,美容皮膚科の看護師の月収はいくらですか？,1
75,76,美容求人,潜在的な検索キーワード,1,美容 求人 未経験,31
76,77,美容求人,潜在的な検索キーワード,2,美容 求人 正社員,31
77,78,美容求人,潜在的な検索キーワード,3,リジョブ 求人,6
78,79,美容求人,潜在的な検索キーワード,4,美容 求人 - 大阪,31
79,80,美容求人,潜在的な検索キーワード,5,美容 求人サイト ランキング,31
80,81,美容求人,潜在的な検索キーワード,6,美容 求人 40代,31
81,82,美容求人,潜在的な検索キーワード,7,美容 求人 東京,31
82,83,美容求人,潜在的な検索キーワード,8,美容 求人 看護師,34
83,84,美容求人,潜在的な検索キーワード,9,美容 求人 パート,31
84,85,美容求人,潜在的な検索キーワード,10,美容 未経験 求人 - 大阪,31
85,86,美容求人,潜在的な検索キーワード,11,大阪 美容クリニック 求人,20
86,87,美容求人,潜在的な検索キーワード,12,美容メーカー 求人 大阪,20
87,88,美容求人,潜在的な検索キーワード,13,美容クリニック 受付 求人 大阪,20
88,89,美容求人,潜在的な検索キーワード,14,大阪美容看護師求人,1
89,90,美容求人,潜在的な検索キーワード,15,大阪 求人,20
90,91,美容求人,潜在的な検索キーワード,16,リモートワーク 求人 未経験 大阪,20
91,92,美容求人,潜在的な検索キーワード,17,美容業界 求人 土日休み,6
92,93,美容求人,潜在的な検索キーワード,18,美容業界 転職 未経験,27
93,94,美容求人,潜在的な検索キーワード,19,美容部員 求人 未経験 正社員,16
94,95,美容求人,潜在的な検索キーワード,20,美容系 仕事 資格なし,14
95,96,美容求人,潜在的な検索キーワード,21,美容部員 未経験 求人 東京,16
96,97,美容求人,潜在的な検索キーワード,22,美容業界 転職 男,27
97,98,美容求人,潜在的な検索キーワード,23,美容業界 求人サイト,7
98,99,美容求人,潜在的な検索キーワード,24,美容部員 中途 採用 未経験,16
99,100,美容求人,潜在的な検索キーワード,25,美容関係 求人,6
100,101,美容求人,潜在的な検索キーワード,26,美容部員 中途採用,16
101,102,美容求人,潜在的な検索キーワード,27,美容 サイト 求人,31
102,103,美容求人,潜在的な検索キーワード,28,立川 求人 正社員 女性,16
103,104,美容求人,潜在的な検索キーワード,29,美容業界 採用,7
104,105,美容求人,潜在的な検索キーワード,30,美容クリニック アルバイト,1
105,106,美容求人,潜在的な検索キーワード,31,フルリモート 求人 正社員 大阪,20
106,107,美容求人,潜在的な検索キーワード,32,美容系 バイト 未経験,14
107,108,美容求人,潜在的な検索キーワード,33,美容 バイト モニター,31
108,109,美容求人,潜在的な検索キーワード,34,美容系 バイト 大学生,14
109,110,美容求人,潜在的な検索キーワード,35,美容系 バイト 高校生,14
110,111,美容求人,潜在的な検索キーワード,36,美容部員 主婦 パート,16
111,112,美容求人,潜在的な検索キーワード,37,美容系 バイト 東京,14
112,113,美容求人,潜在的な検索キーワード,38,美容 受付 バイト,31
113,114,美容求人,潜在的な検索キーワード,39,美容 バイト 大阪,31
114,115,美容求人,潜在的な検索キーワード,40,美容系 求人 資格なし,14
115,116,美容求人,潜在的な検索キーワード,41,美容 転職 土日休み,31
116,117,美容求人,潜在的な検索キーワード,42,美容 求人サイト,31
117,118,美容求人,潜在的な検索キーワード,43,東京 求人,29
118,119,美容求人,潜在的な検索キーワード,44,美容系 転職 未経験,27
119,120,美容求人,潜在的な検索キーワード,45,美容受付 求人,6
120,121,美容求人,潜在的な検索キーワード,46,50代で美容部員の仕事 募集 あります か,1
121,122,美容求人,潜在的な検索キーワード,47,40代から一生出来る仕事 女性,1
122,123,美容求人,潜在的な検索キーワード,48,40代 美容部員 未経験,16
123,124,美容求人,潜在的な検索キーワード,49,40代 美容部員 未経験 札幌,2
124,125,美容求人,潜在的な検索キーワード,50,美容部員 年 取っ たら,16
125,126,美容求人,潜在的な検索キーワード,51,美容部員 辞めてよかった,16
126,127,美容求人,潜在的な検索キーワード,52,ラプレリー 求人,6
127,128,美容求人,潜在的な検索キーワード,53,クラランス 求人,6
128,129,美容求人,潜在的な検索キーワード,54,美容師求人サイト 無料,1
129,130,美容求人,潜在的な検索キーワード,55,美容師 求人 来ない,6
130,131,美容求人,潜在的な検索キーワード,56,美容業界 転職エージェント,7
131,132,美容求人,潜在的な検索キーワード,57,WORKCANVAS,1
132,133,美容求人,潜在的な検索キーワード,58,リジョブ,1
133,134,美容求人,潜在的な検索キーワード,59,美容 サーチ プロ 評判,31
134,135,美容求人,潜在的な検索キーワード,60,転職サイト,1
135,136,美容業界,サジェスト,100,美容業界,7
136,137,美容業界,サジェスト,101,美容業界,7
137,138,美容業界,サジェスト,102,美容業界 転職,27
138,139,美容業界,サジェスト,103,美容業界 ランキング,3
139,140,美容業界,サジェスト,104,美容業界 求人,6
140,141,美容業界,サジェスト,105,美容業界 市場規模,26
141,142,美容業界,サジェスト,106,美容業界 職種,7
142,143,美容業界,サジェスト,107,美容業界 志望動機 例文,17
143,144,美容業界,サジェスト,108,美容業界 今後,7
144,145,美容業界,サジェスト,109,美容業界 ニュース,5
145,146,美容業界,サジェスト,110,美容業界 志望動機 未経験,17
146,147,美容業界,サジェスト,200,美容業界 転職,27
147,148,美容業界,サジェスト,201,美容業界 転職 未経験,27
148,149,美容業界,サジェスト,202,美容業界 転職 男,27
149,150,美容業界,サジェスト,203,美容業界 転職エージェント,7
150,151,美容業界,サジェスト,204,美容業界 転職理由,7
151,152,美容業界,サジェスト,205,美容業界 転職 事務,13
152,153,美容業界,サジェスト,206,美容業界 転職 土日休み,27
153,154,美容業界,サジェスト,207,美容業界 転職サイト,7
154,155,美容業界,サジェスト,300,美容業界 ランキング,3
155,156,美容業界,サジェスト,301,美容業界 給料 ランキング,3
156,157,美容業界,サジェスト,302,美容業界 売上 ランキング,3
157,158,美容業界,サジェスト,303,美容業界 就職 ランキング,24
158,159,美容業界,サジェスト,304,美容業界 メーカー ランキング,30
159,160,美容業界,サジェスト,400,美容業界 求人,6
160,161,美容業界,サジェスト,401,美容業界 求人サイト,7
161,162,美容業界,サジェスト,402,美容業界 求人 土日休み,6
162,163,美容業界,サジェスト,403,美容業界 求人倍率,7
163,164,美容業界,サジェスト,404,美容業界 求人 アプリ,22
164,165,美容業界,サジェスト,405,美容業界 事務 求人,13
165,166,美容業界,サジェスト,406,美容業界 本社 求人,6
166,167,美容業界,サジェスト,407,美容業界 未経験 求人,6
167,168,美容業界,サジェスト,408,美容業界 人事 求人,6
168,169,美容業界,サジェスト,409,栄養士 美容業界 求人,6
169,170,美容業界,サジェスト,500,美容業界 市場規模,26
170,171,美容業界,サジェスト,501,美容業界 市場規模 2022,26
171,172,美容業界,サジェスト,600,美容業界 職種,7
172,173,美容業界,サジェスト,601,美容業界 職種 一覧,35
173,174,美容業界,サジェスト,602,美容業界 職種 男性,7
174,175,美容業界,サジェスト,700,美容業界 志望動機 例文,17
175,176,美容業界,サジェスト,800,美容業界 今後,7
176,177,美容業界,サジェスト,801,美容業界 今後の課題,7
177,178,美容業界,サジェスト,900,美容業界 ニュース,5
178,179,美容業界,サジェスト,901,美容業界 ニュース 2024,36
179,180,美容業界,サジェスト,902,美容業界 ニュース 2023,5
180,181,美容業界,サジェスト,903,美容業界 ニュース 面接,5
181,182,美容業界,サジェスト,1000,美容業界 志望動機 未経験,17
182,183,美容業界,サジェスト,1100,美容業界 転職,27
183,184,美容業界,サジェスト,1200,美容業界 ランキング,3
184,185,美容業界,サジェスト,1300,美容業界 求人,6
185,186,美容業界,サジェスト,1400,美容業界 市場規模,26
186,187,美容業界,サジェスト,1500,美容業界 職種,7
187,188,美容業界,サジェスト,1600,美容業界 志望動機 例文,17
188,189,美容業界,サジェスト,1700,美容業界 今後,7
189,190,美容業界,サジェスト,1800,美容業界 ニュース,5
190,191,美容業界,サジェスト,1900,美容業界 志望動機 未経験,17
191,192,美容業界,サジェスト,2000,美容業界 課題,7
192,193,美容業界,サジェスト,2100,美容業界 ai,7
193,194,美容業界,サジェスト,2200,美容業界 アルバイト,7
194,195,美容業界,サジェスト,2300,美容業界 アンケート,7
195,196,美容業界,サジェスト,2400,美容業界 青山,37
196,197,美容業界,サジェスト,2500,美容業界 アプリ,22
197,198,美容業界,サジェスト,2600,美容業界 m&a,7
198,199,美容業界,サジェスト,2700,美容業界 求人 アプリ,22
199,200,美容業界,サジェスト,2800,美容業界 インターン,7
200,201,美容業界,サジェスト,2900,美容業界 市場,7
201,202,美容業界,サジェスト,3000,美容業界 イメージ,7
202,203,美容業界,サジェスト,3100,美容業界 it,7
203,204,美容業界,サジェスト,3200,美容業界 イベント,7
204,205,美容業界,サジェスト,3300,美容業界 一覧,35
205,206,美容業界,サジェスト,3400,美容業界 言い換え,7
206,207,美容業界,サジェスト,3500,美容業界 一番稼げる,18
207,208,美容業界,サジェスト,3600,美容業界 売上,7
208,209,美容業界,サジェスト,3700,美容業界 嘘,7
209,210,美容業界,サジェスト,3800,美容業界 web3,7
210,211,美容業界,サジェスト,3900,美容業界 売上 ランキング,3
211,212,美容業界,サジェスト,4000,美容業界 受付 求人,6
212,213,美容業界,サジェスト,4100,美容業界 営業,7
213,214,美容業界,サジェスト,4200,美容業界 英語,7
214,215,美容業界,サジェスト,4300,美容業界 営業 志望動機,17
215,216,美容業界,サジェスト,4400,美容業界 エージェント,21
216,217,美容業界,サジェスト,4500,美容業界 栄養士,7
217,218,美容業界,サジェスト,4600,美容業界 es,7
218,219,美容業界,サジェスト,4700,美容業界 選んだ理由,7
219,220,美容業界,サジェスト,4800,美容業界 大手,11
220,221,美容業界,サジェスト,4900,美容業界 大手企業,23
221,222,美容業界,サジェスト,5000,美容業界 男,7
222,223,美容業界,サジェスト,5100,美容業界 オフィスワーク,7
223,224,美容業界,サジェスト,5200,美容業界 おすすめ,7
224,225,美容業界,サジェスト,5300,美容業界 課題,7
225,226,美容業界,サジェスト,5400,美容業界 閑散期,7
226,227,美容業界,サジェスト,5500,美容業界 株,7
227,228,美容業界,サジェスト,5600,美容業界 顔採用,38
228,229,美容業界,サジェスト,5700,美容業界 稼げる仕事,7
229,230,美容業界,サジェスト,5800,美容業界 カオスマップ,7
230,231,美容業界,サジェスト,5900,美容業界 管理栄養士,7
231,232,美容業界,サジェスト,6000,美容業界 環境問題,7
232,233,美容業界,サジェスト,6100,美容業界 株式,7
233,234,美容業界,サジェスト,6200,美容業界 求人,6
234,235,美容業界,サジェスト,6300,美容業界 企業 ランキング,4
235,236,美容業界,サジェスト,6400,美容業界 求人サイト,7
236,237,美容業界,サジェスト,6500,美容業界 求人 土日休み,6
237,238,美容業界,サジェスト,6600,美容業界 企業,4
238,239,美容業界,サジェスト,6700,美容業界 給料,7
239,240,美容業界,サジェスト,6800,美容業界 給料 ランキング,3
240,241,美容業界,サジェスト,6900,美容業界 給料高い,7
241,242,美容業界,サジェスト,7000,美容業界 起業,7
242,243,美容業界,サジェスト,7100,美容業界 厳しい,7
243,244,美容業界,サジェスト,7200,美容業界 クレーム,7
244,245,美容業界,サジェスト,7300,美容業界 クリニック,7
245,246,美容業界,サジェスト,7400,美容業界 口コミ,7
246,247,美容業界,サジェスト,7500,美容業界 景気,7
247,248,美容業界,サジェスト,7600,美容業界 検定,7
248,249,美容業界,サジェスト,7700,美容業界 化粧品業界 違い,7
249,250,美容業界,サジェスト,7800,美容業界 経理,7
250,251,美容業界,サジェスト,7900,美容業界 研究,7
251,252,美容業界,サジェスト,8000,美容業界 今後,7
252,253,美容業界,サジェスト,8100,美容業界 高収入,7
253,254,美容業界,サジェスト,8200,美容業界 コンサル,7
254,255,美容業界,サジェスト,8300,美容業界 広告,7
255,256,美容業界,サジェスト,8400,美容業界 広報,7
256,257,美容業界,サジェスト,8500,美容業界 交流会,7
257,258,美容業界,サジェスト,8600,美容業界 高卒,7
258,259,美容業界,サジェスト,8700,美容業界 今後の課題,7
259,260,美容業界,サジェスト,8800,美容業界 コロナの影響,7
260,261,美容業界,サジェスト,8900,美容業界 最新 ニュース,5
261,262,美容業界,サジェスト,9000,美容業界 採用,7
262,263,美容業界,サジェスト,9100,美容業界 最大手,7
263,264,美容業界,サジェスト,9200,美容業界 市場規模,26
264,265,美容業界,サジェスト,9300,美容業界 職種,7
265,266,美容業界,サジェスト,9400,美容業界 志望動機 例文,17
266,267,美容業界,サジェスト,9500,美容業界 志望動機 未経験,17
267,268,美容業界,サジェスト,9600,美容業界 就職,24
268,269,美容業界,サジェスト,9700,美容業界 資格,25
269,270,美容業界,サジェスト,9800,美容業界 仕事,7
270,271,美容業界,サジェスト,9900,美容業界 新卒,7
271,272,美容業界,サジェスト,10000,美容業界 将来性,7
272,273,美容業界,サジェスト,10100,美容業界 就活の軸,7
273,274,美容業界,サジェスト,10200,美容業界 推移,7
274,275,美容業界,サジェスト,10300,美容業界 swot分析,7
275,276,美容業界,サジェスト,10400,美容業界 スタートアップ,7
276,277,美容業界,サジェスト,10500,美容業界 衰退,7
277,278,美容業界,サジェスト,10600,美容業界 スパ,7
278,279,美容業界,サジェスト,10700,美容業界 セミナー,7
279,280,美容業界,サジェスト,10800,美容業界 成長,7
280,281,美容業界,サジェスト,10900,美容業界 専門用語,7
281,282,美容業界,サジェスト,11000,美容業界 正社員,16
282,283,美容業界,サジェスト,11100,美容業界 説明,7
283,284,美容業界,サジェスト,11200,美容業界 セラピスト,7
284,285,美容業界,サジェスト,11300,美容業界 整骨院,7
285,286,美容業界,サジェスト,11400,美容業界 仙台,39
286,287,美容業界,サジェスト,11500,美容業界 総合職,0
287,288,美容業界,サジェスト,11600,転職 美容業界 総合職,0
288,289,美容業界,サジェスト,11700,美容業界 退職金,7
289,290,美容業界,サジェスト,11800,美容業界 大切なこと,7
290,291,美容業界,サジェスト,11900,美容業界 大変,7
291,292,美容業界,サジェスト,12000,美容業界 退職,7
292,293,美容業界,サジェスト,12100,美容業界 退職理由,7
293,294,美容業界,サジェスト,12200,美容業界 タトゥー,7
294,295,美容業界,サジェスト,12300,美容業界 たかの友梨,7
295,296,美容業界,サジェスト,12400,美容業界 タブレット,7
296,297,美容業界,サジェスト,12500,美容業界 年収 高い,7
297,298,美容業界,サジェスト,12600,台湾 美容業界,7
298,299,美容業界,サジェスト,12700,美容業界 中小企業,7
299,300,美容業界,サジェスト,12800,美容業界 知識,7
300,301,美容業界,サジェスト,12900,美容業界 中途採用,7
301,302,美容業界,サジェスト,13000,美容業界 長所,7
302,303,美容業界,サジェスト,13100,美容業界 中途,7
303,304,美容業界,サジェスト,13200,美容業界 化粧品業界 違い,7
304,305,美容業界,サジェスト,13300,中小企業診断士 美容業界,7
305,306,美容業界,サジェスト,13400,美容業界 強み,7
306,307,美容業界,サジェスト,13500,美容業界 通販,7
307,308,美容業界,サジェスト,13600,美容業界 転職,27
308,309,美容業界,サジェスト,13700,美容業界 転職 未経験,27
309,310,美容業界,サジェスト,13800,美容業界 転職 男,27
310,311,美容業界,サジェスト,13900,美容業界 展示会,7
311,312,美容業界,サジェスト,14000,美容業界 転職エージェント,7
312,313,美容業界,サジェスト,14100,美容業界 転職理由,7
313,314,美容業界,サジェスト,14200,美容業界 転職 事務,13
314,315,美容業界,サジェスト,14300,美容業界 展望,7
315,316,美容業界,サジェスト,14400,美容業界 転職 土日休み,27
316,317,美容業界,サジェスト,14500,美容業界 転職サイト,7
317,318,美容業界,サジェスト,14600,美容業界 トレンド,36
318,319,美容業界,サジェスト,14700,美容業界 倒産,7
319,320,美容業界,サジェスト,14800,美容業界 とは,7
320,321,美容業界,サジェスト,14900,美容業界 トレンド 2024,36
321,322,美容業界,サジェスト,15000,美容業界 トップ,7
322,323,美容業界,サジェスト,15100,美容業界 特徴,7
323,324,美容業界,サジェスト,15200,美容業界 特許 ダッカール llサイズ日本製,7
324,325,美容業界,サジェスト,15300,美容業界 トレンド 2023,36
325,326,美容業界,サジェスト,15400,美容業界 何がある,7
326,327,美容業界,サジェスト,15500,美容業界 悩み,7
327,328,美容業界,サジェスト,15600,美容業界 内勤,7
328,329,美容業界,サジェスト,15700,美容業界 なぜ,7
329,330,美容業界,サジェスト,15800,美容業界 名前,7
330,331,美容業界,サジェスト,15900,長岡市 美容業界,7
331,332,美容業界,サジェスト,16000,美容業界 ニュース,5
332,333,美容業界,サジェスト,16100,美容業界 ニュース 2024,36
333,334,美容業界,サジェスト,16200,美容業界 ニーズ,7
334,335,美容業界,サジェスト,16300,美容業界 人間関係,7
335,336,美容業界,サジェスト,16400,美容業界 ニュース 2023,5
336,337,美容業界,サジェスト,16500,美容業界 ニュース 面接,5
337,338,美容業界,サジェスト,16600,美容業界 年収,7
338,339,美容業界,サジェスト,16700,美容業界 値上げ,7
339,340,美容業界,サジェスト,16800,美容業界 年収ランキング,7
340,341,美容業界,サジェスト,16900,美容業界 年商,7
341,342,美容業界,サジェスト,17000,美容業界 年齢層,7
342,343,美容業界,サジェスト,17100,美容業界 ネイルサロン,7
343,344,美容業界,サジェスト,17200,美容業界 年末年始,7
344,345,美容業界,サジェスト,17300,美容業界 面接 ネイル,10
345,346,美容業界,サジェスト,17400,美容業界 営業 年収,7
346,347,美容業界,サジェスト,17500,美容業界 ノルマ,7
347,348,美容業界,サジェスト,17600,美容業界 伸びる,7
348,349,美容業界,サジェスト,17700,美容業界 繁忙期,7
349,350,美容業界,サジェスト,17800,美容業界 派遣,7
350,351,美容業界,サジェスト,17900,美容業界 流行り,7
351,352,美容業界,サジェスト,18000,美容業界 働き方改革,7
352,353,美容業界,サジェスト,18100,美容業界 派遣会社,7
353,354,美容業界,サジェスト,18200,美容業界 働きたい,7
354,355,美容業界,サジェスト,18300,美容業界 廃業率,7
355,356,美容業界,サジェスト,18400,これから 流行る 美容業界 2023,5
356,357,美容業界,サジェスト,18500,美容業界 人手不足,7
357,358,美容業界,サジェスト,18600,美容業界 必要なスキル,7
358,359,美容業界,サジェスト,18700,美容業界 必要な資格,7
359,360,美容業界,サジェスト,18800,美容業界 秘書,7
360,361,美容業界,サジェスト,18900,広尾 美容業界,7
361,362,美容業界,サジェスト,19000,美容業界 副業,7
362,363,美容業界,サジェスト,19100,美容業界 福利厚生,7
363,364,美容業界,サジェスト,19200,美容業界 フリーランス,7
364,365,美容業界,サジェスト,19300,美容業界 不景気,7
365,366,美容業界,サジェスト,19400,美容業界 福岡 求人,6
366,367,美容業界,サジェスト,19500,美容業界 福岡,7
367,368,美容業界,サジェスト,19600,美容業界 服,7
368,369,美容業界,サジェスト,19700,美容業界 面接 服装,10
369,370,美容業界,サジェスト,19800,美容業界 転職 福岡,27
370,371,美容業界,サジェスト,19900,美容業界 転職 服装,27
371,372,美容業界,サジェスト,20000,美容業界 平均年収,7
372,373,美容業界,サジェスト,20100,美容業界 変化,7
373,374,美容業界,サジェスト,20200,美容業界 ヘアメイク,7
374,375,美容業界,サジェスト,20300,美容業界 ヘアサロン,7
375,376,美容業界,サジェスト,20400,美容業界 ヘッドスパ,7
376,377,美容業界,サジェスト,20500,美容業界 ボーナス 平均,7
377,378,美容業界,サジェスト,20600,コロナ禍 美容業界 変化,7
378,379,美容業界,サジェスト,20700,美容業界 ホワイト企業,7
379,380,美容業界,サジェスト,20800,美容業界 本,7
380,381,美容業界,サジェスト,20900,美容業界 保険,19
381,382,美容業界,サジェスト,21000,美容業界 ホワイト,7
382,383,美容業界,サジェスト,21100,美容業界 本社 求人,6
383,384,美容業界,サジェスト,21200,美容業界 補助金,7
384,385,美容業界,サジェスト,21300,美容業界 法律,7
385,386,美容業界,サジェスト,21400,美容業界 ホットペッパー,7
386,387,美容業界,サジェスト,21500,美容業界 マーケティング,7
387,388,美容業界,サジェスト,21600,美容業界 マイナビ,7
388,389,美容業界,サジェスト,21700,美容業界 マーケット,7
389,390,美容業界,サジェスト,21800,美容業界 マッチング,7
390,391,美容業界,サジェスト,21900,美容業界 マナー,7
391,392,美容業界,サジェスト,22000,麻布十番 美容業界,7
392,393,美容業界,サジェスト,22100,美容業界 魅力,7
393,394,美容業界,サジェスト,22200,美容業界 未経験,7
394,395,美容業界,サジェスト,22300,美容業界 未経験 志望動機,17
395,396,美容業界,サジェスト,22400,美容業界 未来,7
396,397,美容業界,サジェスト,22500,美容業界 志望動機 未経験,17
397,398,美容業界,サジェスト,22600,美容業界 向いている人,7
398,399,美容業界,サジェスト,22700,美容業界 向いてる人,7
399,400,美容業界,サジェスト,22800,美容業界 面接 逆質問,10
400,401,美容業界,サジェスト,22900,美容業界 面接,10
401,402,美容業界,サジェスト,23000,美容業界 面接 服装,10
402,403,美容業界,サジェスト,23100,美容業界 メーカー,30
403,404,美容業界,サジェスト,23200,美容業界 面接 メイク,10
404,405,美容業界,サジェスト,23300,美容業界 面接 質問,10
405,406,美容業界,サジェスト,23400,美容業界 メーカー ランキング,30
406,407,美容業界,サジェスト,23500,美容業界 面接 ネイル,10
407,408,美容業界,サジェスト,23600,美容業界 問題点,7
408,409,美容業界,サジェスト,23700,美容業界 儲かる,7
409,410,美容業界,サジェスト,23800,美容業界 求める人材,7
410,411,美容業界,サジェスト,23900,美容業界 儲かる仕事,7
411,412,美容業界,サジェスト,24000,美容業界 闇,7
412,413,美容業界,サジェスト,24100,美容業界 やりがい,7
413,414,美容業界,サジェスト,24200,美容業界 休み,7
414,415,美容業界,サジェスト,24300,美容業界 薬剤師,7
415,416,美容業界,サジェスト,24400,美容業界 有名人,7
416,417,美容業界,サジェスト,24500,美容業界 有給,7
417,418,美容業界,サジェスト,24600,美容業界 有効求人倍率,7
418,419,美容業界,サジェスト,24700,美容業界 有名,7
419,420,美容業界,サジェスト,24800,美容業界 資格 有利,25
420,421,美容業界,サジェスト,24900,美容業界 用語,7
421,422,美容業界,サジェスト,25000,美容業界 呼び方,7
422,423,美容業界,サジェスト,25100,美容業界 ランキング,3
423,424,美容業界,サジェスト,25200,美容業界 ランク,7
424,425,美容業界,サジェスト,25300,美容業界 給料 ランキング,3
425,426,美容業界,サジェスト,25400,美容業界 売上 ランキング,3
426,427,美容業界,サジェスト,25500,美容業界 就職 ランキング,24
427,428,美容業界,サジェスト,25600,美容業界 メーカー ランキング,30
428,429,美容業界,サジェスト,25700,美容業界 離職率,33
429,430,美容業界,サジェスト,25800,美容業界 利益率,7
430,431,美容業界,サジェスト,25900,美容業界 履歴書,7
431,432,美容業界,サジェスト,26000,美容業界 リピート率,7
432,433,美容業界,サジェスト,26100,美容業界 履歴書 写真,7
433,434,美容業界,サジェスト,26200,美容業界 歴史,7
434,435,美容業界,サジェスト,26300,美容業界 恋愛,7
435,436,美容業界,サジェスト,26400,美容業界 志望動機 例文,17
436,437,美容業界,サジェスト,26500,美容業界 労働時間,7
437,438,美容業界,サジェスト,26600,美容業界 論文,7
438,439,美容業界,サジェスト,26700,美容業界 話題,7
439,440,美容業界,サジェスト,26800,美容業界 会社,7
440,441,美容業界,サジェスト,26900,美容業界 顔採用,38
441,442,美容業界,サジェスト,27000,美容業界 学部,7
442,443,美容業界,サジェスト,27100,美容業界 学歴,7
443,444,美容業界,サジェスト,27200,美容業界 外資,7
444,445,美容業界,サジェスト,27300,美容業界 逆質問,7
445,446,美容業界,サジェスト,27400,美容業界 業種,7
446,447,美容業界,サジェスト,27500,美容業界 業界地図,28
447,448,美容業界,サジェスト,27600,美容業界 業界研究,7
448,449,美容業界,サジェスト,27700,美容業界 業務委託,7
449,450,美容業界,サジェスト,27800,美容業界 業界動向,7
450,451,美容業界,サジェスト,27900,美容業界 業績,7
451,452,美容業界,サジェスト,28000,美容業界 業界用語,7
452,453,美容業界,サジェスト,28100,美容業界 業務内容,7
453,454,美容業界,サジェスト,28200,美容業界 グループディスカッション,7
454,455,美容業界,サジェスト,28300,美容業界 現状,7
455,456,美容業界,サジェスト,28400,美容業界 月収,7
456,457,美容業界,サジェスト,28500,美容業界 現実,7
457,458,美容業界,サジェスト,28600,美容業界 原価,7
458,459,美容業界,サジェスト,28700,美容業界 原価率,7
459,460,美容業界,サジェスト,28800,美容業界 月給,7
460,461,美容業界,サジェスト,28900,美容業界 ゴールデンウィーク,7
461,462,美容業界,サジェスト,29000,美容業界 雑誌,7
462,463,美容業界,サジェスト,29100,美容業界 残業,7
463,464,美容業界,サジェスト,29200,美容業界 事務,13
464,465,美容業界,サジェスト,29300,美容業界 上場企業,32
465,466,美容業界,サジェスト,29400,美容業界 自己pr,7
466,467,美容業界,サジェスト,29500,美容業界 事務 志望動機,17
467,468,美容業界,サジェスト,29600,美容業界 人材紹介,7
468,469,美容業界,サジェスト,29700,美容業界 事務職,7
469,470,美容業界,サジェスト,29800,美容業界 情報,7
470,471,美容業界,サジェスト,29900,美容業界 人材不足,7
471,472,美容業界,サジェスト,30000,美容業界 上場,7
472,473,美容業界,サジェスト,30100,美容業界 人材,7
473,474,美容業界,サジェスト,30200,美容業界 男性,7
474,475,美容業界,サジェスト,30300,美容業界 代理店,7
475,476,美容業界,サジェスト,30400,美容業界 団体,8
476,477,美容業界,サジェスト,30500,美容業界 大卒,7
477,478,美容業界,サジェスト,30600,美容業界 大学,7
478,479,美容業界,サジェスト,30700,美容業界 第二新卒,7
479,480,美容業界,サジェスト,30800,美容業界 男女比,7
480,481,美容業界,サジェスト,30900,美容業界 大企業,7
481,482,美容業界,サジェスト,31000,美容業界 就職 大卒,24
482,483,美容業界,サジェスト,31100,男性 美容業界 転職,27
483,484,美容業界,サジェスト,31200,美容業界 ディーラー,7
484,485,美容業界,サジェスト,31300,美容業界 デメリット,7
485,486,美容業界,サジェスト,31400,美容業界 デジタル化,7
486,487,美容業界,サジェスト,31500,美容業界 デザイナー,7
487,488,美容業界,サジェスト,31600,美容業界 土日休み,7
488,489,美容業界,サジェスト,31700,美容業界 動向,7
489,490,美容業界,サジェスト,31800,美容業界 動向 2024,36
490,491,美容業界,サジェスト,31900,美容業界 ドライヤー,7
491,492,美容業界,サジェスト,32000,美容業界 動向 2023,5
492,493,美容業界,サジェスト,32100,美容業界 バックオフィス 求人,6
493,494,美容業界,サジェスト,32200,美容業界 バイト,14
494,495,美容業界,サジェスト,32300,美容業界 罰金,7
495,496,美容業界,サジェスト,32400,美容業界 ビジネスモデル,7
496,497,美容業界,サジェスト,32500,美容業界 ベンチャー,7
497,498,美容業界,サジェスト,32600,美容業界 ボーナスない,7
498,499,美容業界,サジェスト,32700,美容業界 ボーナス,7
499,500,美容業界,サジェスト,32800,美容業界 ボーナス 平均,7
500,501,美容業界,サジェスト,32900,美容業界 パート,7
501,502,美容業界,サジェスト,33000,美容業界 パワハラ,7
502,503,美容業界,サジェスト,33100,美容業界 プラスチック,7
503,504,美容業界,サジェスト,33200,美容業界 プラージュ,7
504,505,美容業界,サジェスト,33300,pest分析 美容業界,7
505,506,美容業界,サジェスト,33400,美容業界 ai,7
506,507,美容業界,サジェスト,33500,美容業界 アルバイト,7
507,508,美容業界,サジェスト,33600,美容業界 アンケート,7
508,509,美容業界,サジェスト,33700,美容業界 青山,37
509,510,美容業界,サジェスト,33800,美容業界 アプリ,22
510,511,美容業界,サジェスト,33900,美容業界 m&a,7
511,512,美容業界,サジェスト,34000,美容業界 求人 アプリ,22
512,513,美容業界,サジェスト,34100,美容業界 ビジネスモデル,7
513,514,美容業界,サジェスト,34200,美容業界 ボーナスない,7
514,515,美容業界,サジェスト,34300,美容業界 ボーナス,7
515,516,美容業界,サジェスト,34400,美容業界 バックオフィス 求人,6
516,517,美容業界,サジェスト,34500,美容業界 中小企業,7
517,518,美容業界,サジェスト,34600,美容業界 知識,7
518,519,美容業界,サジェスト,34700,美容業界 男性,7
519,520,美容業界,サジェスト,34800,美容業界 土日休み,7
520,521,美容業界,サジェスト,34900,美容業界 dx,7
521,522,美容業界,サジェスト,35000,美容業界 ディーラー,7
522,523,美容業界,サジェスト,35100,美容業界 動向,7
523,524,美容業界,サジェスト,35200,美容業界 dx化,7
524,525,美容業界,サジェスト,35300,美容業界 代理店,7
525,526,美容業界,サジェスト,35400,美容業界 団体,8
526,527,美容業界,サジェスト,35500,美容業界 動向 2024,36
527,528,美容業界,サジェスト,35600,美容業界 デメリット,7
528,529,美容業界,サジェスト,35700,美容業界 営業,7
529,530,美容業界,サジェスト,35800,美容業界 英語,7
530,531,美容業界,サジェスト,35900,美容業界 営業 志望動機,17
531,532,美容業界,サジェスト,36000,美容業界 エージェント,21
532,533,美容業界,サジェスト,36100,美容業界 栄養士,7
533,534,美容業界,サジェスト,36200,美容業界 es,7
534,535,美容業界,サジェスト,36300,美容業界 選んだ理由,7
535,536,美容業界,サジェスト,36400,美容業界 副業,7
536,537,美容業界,サジェスト,36500,美容業界 現状,7
537,538,美容業界,サジェスト,36600,美容業界 会社,7
538,539,美容業界,サジェスト,36700,美容業界 逆質問,7
539,540,美容業界,サジェスト,36800,美容業界 業種,7
540,541,美容業界,サジェスト,36900,美容業界 顔採用,38
541,542,美容業界,サジェスト,37000,美容業界 業界地図,28
542,543,美容業界,サジェスト,37100,美容業界 業界研究,7
543,544,美容業界,サジェスト,37200,美容業界 ホワイト企業,7
544,545,美容業界,サジェスト,37300,美容業界 繁忙期,7
545,546,美容業界,サジェスト,37400,美容業界 人手不足,7
546,547,美容業界,サジェスト,37500,美容業界 平均年収,7
547,548,美容業界,サジェスト,37600,美容業界 本,7
548,549,美容業界,サジェスト,37700,美容業界 副業,7
549,550,美容業界,サジェスト,37800,美容業界 保険,19
550,551,美容業界,サジェスト,37900,美容業界 派遣,7
551,552,美容業界,サジェスト,38000,美容業界 変化,7
552,553,美容業界,サジェスト,38100,美容業界 必要なスキル,7
553,554,美容業界,サジェスト,38200,美容業界 インターン,7
554,555,美容業界,サジェスト,38300,美容業界 市場,7
555,556,美容業界,サジェスト,38400,美容業界 it,7
556,557,美容業界,サジェスト,38500,美容業界 イメージ,7
557,558,美容業界,サジェスト,38600,美容業界 イベント,7
558,559,美容業界,サジェスト,38700,美容業界 一覧,35
559,560,美容業界,サジェスト,38800,美容業界 言い換え,7
560,561,美容業界,サジェスト,38900,美容業界 一番稼げる,18
561,562,美容業界,サジェスト,39000,美容業界 事務,13
562,563,美容業界,サジェスト,39100,美容業界 上場企業,32
563,564,美容業界,サジェスト,39200,美容業界 自己pr,7
564,565,美容業界,サジェスト,39300,美容業界 事務 志望動機,17
565,566,美容業界,サジェスト,39400,美容業界 人材紹介,7
566,567,美容業界,サジェスト,39500,美容業界 事務職,7
567,568,美容業界,サジェスト,39600,美容業界 情報,7
568,569,美容業界,サジェスト,39700,美容業界 人材不足,7
569,570,美容業界,サジェスト,39800,美容業界 上場,7
570,571,美容業界,サジェスト,39900,美容業界 人材,7
571,572,美容業界,サジェスト,40000,美容業界 求人,6
572,573,美容業界,サジェスト,40100,美容業界 今後,7
573,574,美容業界,サジェスト,40200,美容業界 課題,7
574,575,美容業界,サジェスト,40300,美容業界 企業 ランキング,4
575,576,美容業界,サジェスト,40400,美容業界 求人サイト,7
576,577,美容業界,サジェスト,40500,美容業界 求人 土日休み,6
577,578,美容業界,サジェスト,40600,美容業界 企業,4
578,579,美容業界,サジェスト,40700,美容業界 閑散期,7
579,580,美容業界,サジェスト,40800,美容業界 給料,7
580,581,美容業界,サジェスト,40900,美容業界 給料 ランキング,3
581,582,美容業界,サジェスト,41000,美容業界 問題点,7
582,583,美容業界,サジェスト,41100,美容業界 面接 逆質問,10
583,584,美容業界,サジェスト,41200,美容業界 マーケティング,7
584,585,美容業界,サジェスト,41300,美容業界 魅力,7
585,586,美容業界,サジェスト,41400,美容業界 面接,10
586,587,美容業界,サジェスト,41500,美容業界 面接 服装,10
587,588,美容業界,サジェスト,41600,美容業界 未経験,7
588,589,美容業界,サジェスト,41700,美容業界 m&a,7
589,590,美容業界,サジェスト,41800,美容業界 向いている人,7
590,591,美容業界,サジェスト,41900,美容業界 儲かる,7
591,592,美容業界,サジェスト,42000,美容業界 ニュース,5
592,593,美容業界,サジェスト,42100,美容業界 年収,7
593,594,美容業界,サジェスト,42200,美容業界 ニュース 2024,36
594,595,美容業界,サジェスト,42300,美容業界 ニーズ,7
595,596,美容業界,サジェスト,42400,美容業界 値上げ,7
596,597,美容業界,サジェスト,42500,美容業界 何がある,7
597,598,美容業界,サジェスト,42600,美容業界 人間関係,7
598,599,美容業界,サジェスト,42700,美容業界 悩み,7
599,600,美容業界,サジェスト,42800,美容業界 年収ランキング,7
600,601,美容業界,サジェスト,42900,美容業界 ニュース 2023,5
601,602,美容業界,サジェスト,43000,美容業界 大手,11
602,603,美容業界,サジェスト,43100,美容業界 大手企業,23
603,604,美容業界,サジェスト,43200,美容業界 男,7
604,605,美容業界,サジェスト,43300,美容業界 オフィスワーク,7
605,606,美容業界,サジェスト,43400,美容業界 おすすめ,7
606,607,美容業界,サジェスト,43500,美容業界 パート,7
607,608,美容業界,サジェスト,43600,美容業界 プラスチック,7
608,609,美容業界,サジェスト,43700,美容業界 パワハラ,7
609,610,美容業界,サジェスト,43800,美容業界 プラージュ,7
610,611,美容業界,サジェスト,43900,pest分析 美容業界,7
611,612,美容業界,サジェスト,44000,美容業界 ランキング,3
612,613,美容業界,サジェスト,44100,美容業界 離職率,33
613,614,美容業界,サジェスト,44200,美容業界 利益率,7
614,615,美容業界,サジェスト,44300,美容業界 履歴書,7
615,616,美容業界,サジェスト,44400,美容業界 歴史,7
616,617,美容業界,サジェスト,44500,美容業界 労働時間,7
617,618,美容業界,サジェスト,44600,美容業界 リピート率,7
618,619,美容業界,サジェスト,44700,美容業界 履歴書 写真,7
619,620,美容業界,サジェスト,44800,美容業界 労働基準法,7
620,621,美容業界,サジェスト,44900,美容業界 市場規模,26
621,622,美容業界,サジェスト,45000,美容業界 職種,7
622,623,美容業界,サジェスト,45100,美容業界 志望動機 例文,17
623,624,美容業界,サジェスト,45200,美容業界 志望動機 未経験,17
624,625,美容業界,サジェスト,45300,美容業界 就職,24
625,626,美容業界,サジェスト,45400,美容業界 最新 ニュース,5
626,627,美容業界,サジェスト,45500,美容業界 資格,25
627,628,美容業界,サジェスト,45600,美容業界 仕事,7
628,629,美容業界,サジェスト,45700,美容業界 新卒,7
629,630,美容業界,サジェスト,45800,美容業界 将来性,7
630,631,美容業界,サジェスト,45900,美容業界 転職,27
631,632,美容業界,サジェスト,46000,美容業界 トレンド,36
632,633,美容業界,サジェスト,46100,美容業界 転職 未経験,27
633,634,美容業界,サジェスト,46200,美容業界 転職 男,27
634,635,美容業界,サジェスト,46300,美容業界 倒産,7
635,636,美容業界,サジェスト,46400,美容業界 展示会,7
636,637,美容業界,サジェスト,46500,美容業界 転職エージェント,7
637,638,美容業界,サジェスト,46600,美容業界 とは,7
638,639,美容業界,サジェスト,46700,美容業界 転職理由,7
639,640,美容業界,サジェスト,46800,美容業界 転職 事務,13
640,641,美容業界,サジェスト,46900,美容業界 売上,7
641,642,美容業界,サジェスト,47000,美容業界 嘘,7
642,643,美容業界,サジェスト,47100,美容業界 web3,7
643,644,美容業界,サジェスト,47200,美容業界 売上 ランキング,3
644,645,美容業界,サジェスト,47300,美容業界 受付 求人,6
645,646,美容業界,サジェスト,47400,美容業界 web3,7
646,647,美容業界,サジェスト,47500,美容業界 話題,7
647,648,美容業界,サジェスト,47600,美容業界 闇,7
648,649,美容業界,サジェスト,47700,美容業界 有名人,7
649,650,美容業界,サジェスト,47800,美容業界 やりがい,7
650,651,美容業界,サジェスト,47900,美容業界 用語,7
651,652,美容業界,サジェスト,48000,美容業界 有給,7
652,653,美容業界,サジェスト,48100,美容業界 事務,13
653,654,美容業界,サジェスト,48200,美容業界 上場企業,32
654,655,美容業界,サジェスト,48300,美容業界 自己pr,7
655,656,美容業界,サジェスト,48400,美容業界 事務 志望動機,17
656,657,美容業界,サジェスト,48500,美容業界 雑誌,7
657,658,美容業界,サジェスト,48600,美容業界 人材紹介,7
658,659,美容業界,サジェスト,48700,美容業界 事務職,7
659,660,美容業界,サジェスト,48800,美容業界 情報,7
660,661,美容業界,サジェスト,48900,美容業界 人材不足,7
661,662,美容業界,サジェスト,49000,美容業界 上場,7
662,663,美容業界,サジェスト,49100,美容業界 10年後,7
663,664,美容業界,サジェスト,49200,美容業界 1番,7
664,665,美容業界,サジェスト,49300,美容業界 2024,36
665,666,美容業界,サジェスト,49400,美容業界 2023,5
666,667,美容業界,サジェスト,49500,美容業界 2025年,7
667,668,美容業界,サジェスト,49600,美容業界 ニュース 2023,5
668,669,美容業界,サジェスト,49700,美容業界 動向 2023,5
669,670,美容業界,サジェスト,49800,美容業界 トレンド 2023,36
670,671,美容業界,サジェスト,49900,美容業界 市場規模 2022,26
671,672,美容業界,サジェスト,50000,これから 流行る 美容業界 2023,5
672,673,美容業界,サジェスト,50100,2030年 美容業界,7
673,674,美容業界,サジェスト,50200,2024年 美容業界,7
674,675,美容業界,サジェスト,50300,美容業界 30代,7
675,676,美容業界,サジェスト,50400,30代 転職 美容業界,27
676,677,美容業界,質問,1,美容系の大手企業は？,1
677,678,美容業界,質問,2,美容業界を辞めたい理由は何ですか？,1
678,679,美容業界,質問,3,美容業界で1位はどこですか？,1
679,680,美容業界,質問,4,美容業界で離職する理由は何ですか？,1
680,681,美容業界,質問,5,美容業界で有名な企業は？,1
681,682,美容業界,質問,6,美容業界にはどんな職種がありますか？,1
682,683,美容業界,質問,7,美容業界の年収は？,1
683,684,美容業界,質問,8,美容業は何業に分類されますか？,1
684,685,美容業界,質問,9,美容サロンの最大手は？,1
685,686,美容業界,質問,10,美容室業界で1位はどこですか？,1
686,687,美容業界,質問,11,美容機器業界で1位はどこですか？,1
687,688,美容業界,質問,12,美容業界に向いている人は？,1
688,689,美容業界,質問,13,美容師の年収は男性でいくらくらいですか？,1
689,690,美容業界,質問,14,美容系男子のランキングは？,1
690,691,美容業界,質問,15,美容業界の景気は？,1
691,692,美容業界,質問,16,美容業界で大変なことは何ですか？,1
692,693,美容業界,質問,17,美容室が潰れない理由は何ですか？,1
693,694,美容業界,質問,18,美容系企業の大手は？,1
694,695,美容業界,質問,19,美容院業界の大手企業は？,1
695,696,美容業界,質問,20,理美容業界の売上ランキングは？,1
696,697,美容業界,質問,21,美容室業界の大手企業は？,1
697,698,美容業界,質問,22,有名な美容メーカーは？,1
698,699,美容業界,質問,23,エステ業界の大手企業は？,1
699,700,美容業界,質問,24,美容室は何年で潰れますか？,1
700,701,美容業界,質問,25,美容業界の需要は？,1
701,702,美容業界,質問,26,美容業界で大手の会社は？,1
702,703,美容業界,質問,27,美容部員からの転職理由は何ですか？,1
703,704,美容業界,質問,28,美容業界は何歳まで働けますか？,1
704,705,美容業界,潜在的な検索キーワード,1,美容業界 ランキング,3
705,706,美容業界,潜在的な検索キーワード,2,美容業界 今後,7
706,707,美容業界,潜在的な検索キーワード,3,美容室 大手 ランキング,11
707,708,美容業界,潜在的な検索キーワード,4,美容系 企業 一覧,35
708,709,美容業界,潜在的な検索キーワード,5,美容室 チェーン店 大手,11
709,710,美容業界,潜在的な検索キーワード,6,美容業界 動向 2024,36
710,711,美容業界,潜在的な検索キーワード,7,美容業界 大手企業,23
711,712,美容業界,潜在的な検索キーワード,8,美容業界 転職 未経験,27
712,713,美容業界,潜在的な検索キーワード,9,美容系 求人 資格なし,14
713,714,美容業界,潜在的な検索キーワード,10,美容業界 転職エージェント,7
714,715,美容業界,潜在的な検索キーワード,11,美容業界 転職 男,27
715,716,美容業界,潜在的な検索キーワード,12,美容業界 大手,11
716,717,美容業界,潜在的な検索キーワード,13,美容業界の現状,1
717,718,美容業界,潜在的な検索キーワード,14,美容業界 企業,4
718,719,美容業界,潜在的な検索キーワード,15,美容業界 求人,6
719,720,美容業界,潜在的な検索キーワード,16,美容業界 転職,27
720,721,美容業界,潜在的な検索キーワード,17,美容業界 男性,7
721,722,美容業界,潜在的な検索キーワード,18,美容室 専売 品メーカー 一覧,35
722,723,美容業界,潜在的な検索キーワード,19,美容ディーラー ランキング 関西,3
723,724,美容業界,潜在的な検索キーワード,20,美容室 ディーラー 一覧,35
724,725,美容業界,潜在的な検索キーワード,21,美容メーカー ランキング,3
725,726,美容業界,潜在的な検索キーワード,22,美容メーカー 一覧,35
726,727,美容業界,潜在的な検索キーワード,23,男性美容部員 求人,6
727,728,美容業界,潜在的な検索キーワード,24,化粧品会社 男性 モテる,1
728,729,美容業界,潜在的な検索キーワード,25,男性美容部員 割合,1
729,730,美容業界,潜在的な検索キーワード,26,男性美容部員 年収,1
730,731,美容業界,潜在的な検索キーワード,27,ディオール 美容部員 男,16
731,732,美容業界,潜在的な検索キーワード,28,資生堂 美容部員 男性,16
732,733,美容業界,潜在的な検索キーワード,29,男性美容部員 恋,1
733,734,美容業界,潜在的な検索キーワード,30,男性美容部員 ブランド,1
734,735,美容業界,潜在的な検索キーワード,31,美容師業界 の切なすぎる現実,1
735,736,美容業界,潜在的な検索キーワード,32,美容業界 社会問題,7
736,737,美容業界,潜在的な検索キーワード,33,美容業界 問題点,7
737,738,美容業界,潜在的な検索キーワード,34,美容業界 市場規模,26
738,739,美容業界,潜在的な検索キーワード,35,美容師社会問題 解決策,1
739,740,美容業界,潜在的な検索キーワード,36,美容外科 売上 ランキング,3
740,741,美容業界,潜在的な検索キーワード,37,美容室 チェーン店 ランキング,11
741,742,美容業界,潜在的な検索キーワード,38,美容医療業界 ランキング,3
742,743,美容業界,潜在的な検索キーワード,39,美容室 チェーン店 全国,11
743,744,美容業界,潜在的な検索キーワード,40,美容外科 大手 ランキング,11
744,745,美容業界,潜在的な検索キーワード,41,美容業界 企業 ランキング,4
745,746,美容業界,潜在的な検索キーワード,42,美容系 企業 就職,24
746,747,美容業界,潜在的な検索キーワード,43,美容系 会社名,14
747,748,美容業界,潜在的な検索キーワード,44,美容メーカー 大手,11
748,749,美容業界,潜在的な検索キーワード,45,美容会社 起業,1
749,750,美容業界,潜在的な検索キーワード,46,美容業界 化粧品業界 違い,7
750,751,美容業界,潜在的な検索キーワード,47,美容業界 求人サイト,7
751,752,美容業界,潜在的な検索キーワード,48,美容業界 求人 土日休み,6
752,753,美容業界,潜在的な検索キーワード,49,美容 求人 未経験,31
753,754,美容業界,潜在的な検索キーワード,50,美容メーカー 求人,6
754,755,美容業界,潜在的な検索キーワード,51,美容師業界の 切な すぎる現実,1
755,756,美容業界,潜在的な検索キーワード,52,10年後の美容業界,1
756,757,美容業界,潜在的な検索キーワード,53,今後の美容業界 面接,10
757,758,美容業界,潜在的な検索キーワード,54,美容業界 市場動向,7
758,759,美容業界,潜在的な検索キーワード,55,美容業界 市場規模 推移,26
759,760,美容業界,潜在的な検索キーワード,56,美容ディーラー 今後,1
760,761,美容業界,潜在的な検索キーワード,57,美容業界 転職 土日休み,27
761,762,美容業界,潜在的な検索キーワード,58,転職 美容クリニック,27
762,763,美容業界,潜在的な検索キーワード,59,美容業界 転職 40代,27
763,764,美容業界,潜在的な検索キーワード,60,美容業界 転職 事務,13
